{
  "dctx_email": {
    "quota": 1246.12,
    "used": 3629.17,
    "timestamp": 1775307783.2015026
  },
  "ljq_email": {
    "quota": 825.15,
    "used": 3949.93,
    "timestamp": 1775307804.2694979
  },
  "zc_email": {
    "quota": 2333.61,
    "used": 2441.39,
    "timestamp": 1775307826.4200635
  },
  "zj_email": {
    "quota": 1699.98,
    "used": 2025.02,
    "timestamp": 1775307916.6242273
  },
  "fks_email": {
    "quota": 3536.22,
    "used": 188.78,
    "timestamp": 1775307938.7410033
  },
  "dxh_email": {
    "quota": 3725.0,
    "used": 0.0,
    "timestamp": 1775307961.0002127
  },
  "zhb_email": {
    "quota": 3725.0,
    "used": 0.0,
    "timestamp": 1775307983.2792518
  },
  "any_86103_cookies": {
    "quota": 3955.21,
    "used": 19.79,
    "timestamp": 1780601453.1065845
  },
  "any_82667_cookies": {
    "quota": 3410.13,
    "used": 539.87,
    "timestamp": 1780601462.3709018
  }
}