{
  "dctx_email": {
    "quota": 1221.12,
    "used": 3629.17,
    "timestamp": 1775221896.5903127
  },
  "ljq_email": {
    "quota": 800.15,
    "used": 3949.93,
    "timestamp": 1775221918.2370248
  },
  "zc_email": {
    "quota": 2310.78,
    "used": 2439.22,
    "timestamp": 1775221939.207707
  },
  "zj_email": {
    "quota": 1674.98,
    "used": 2025.02,
    "timestamp": 1775222028.2810495
  },
  "fks_email": {
    "quota": 3511.22,
    "used": 188.78,
    "timestamp": 1775222050.818987
  },
  "dxh_email": {
    "quota": 3700.0,
    "used": 0.0,
    "timestamp": 1775222073.5134115
  },
  "zhb_email": {
    "quota": 3700.0,
    "used": 0.0,
    "timestamp": 1775222095.0403435
  }
}